{
    "elmo": 0.2541392743587494,
    "use": 0.2532910108566284,
    "bert": 0.27571505308151245,
    "dpseek": 0.21685463190078735
}