{
    "elmo": 0.3426670432090759,
    "use": 0.3480073809623718,
    "bert": 0.30932557582855225
}