{
    "elmo": 0.3220197558403015,
    "use": 0.34676072001457214,
    "bert": 0.33121955394744873
}