{
    "elmo": 0.23513367772102356,
    "use": 0.2470284402370453,
    "bert": 0.21314260363578796,
    "dpseek": 0.3046952784061432
}