{
    "elmo": 0.29649457335472107,
    "use": 0.36462727189064026,
    "bert": 0.33887818455696106
}