{
    "elmo": 0.2974206507205963,
    "use": 0.28321895003318787,
    "bert": 0.2788371741771698,
    "dpseek": 0.1405232548713684
}