{
    "elmo": 0.037429649382829666,
    "use": 0.062343887984752655,
    "bert": 0.2726280093193054
}